ds,y,,,
01-01-2014,1076.650024,,,
02-01-2014,1083.5,,,
03-01-2014,1111.099976,,,
06-01-2014,1119.800049,,,
07-01-2014,1103.074951,,,
08-01-2014,1116.324951,,,
09-01-2014,1120.974976,,,
10-01-2014,1140.449951,,,
13-01-2014,1184.375,,,
14-01-2014,1163.375,,,
15-01-2014,1176.800049,,,
16-01-2014,1175.150024,,,
17-01-2014,1106.525024,,,
20-01-2014,1169.099976,,,
21-01-2014,1140.150024,,,
22-01-2014,1137.025024,,,
23-01-2014,1126.224976,,,
24-01-2014,1124.349976,,,
27-01-2014,1114.800049,,,
28-01-2014,1106.175049,,,
29-01-2014,1104.900024,,,
30-01-2014,1108.800049,,,
31-01-2014,1120.525024,,,
03-02-2014,1097.224976,,,
04-02-2014,1075.675049,,,
05-02-2014,1097.199951,,,
06-02-2014,1087.625,,,
07-02-2014,1072.199951,,,
10-02-2014,1046.775024,,,
11-02-2014,1050.849976,,,
12-02-2014,1052.724976,,,
13-02-2014,1066.875,,,
14-02-2014,1083.949951,,,
17-02-2014,1082.699951,,,
18-02-2014,1083,,,
19-02-2014,1098.974976,,,
20-02-2014,1094.675049,,,
21-02-2014,1102.849976,,,
24-02-2014,1088.949951,,,
25-02-2014,1094.449951,,,
26-02-2014,1091.074951,,,
28-02-2014,1137.875,,,
03-03-2014,1120.025024,,,
04-03-2014,1120.324951,,,
05-03-2014,1125.949951,,,
06-03-2014,1120.375,,,
07-03-2014,1114.25,,,
10-03-2014,1071.324951,,,
11-03-2014,1075.824951,,,
12-03-2014,1089.724976,,,
13-03-2014,1074.775024,,,
14-03-2014,1069.775024,,,
18-03-2014,1061,,,
19-03-2014,1019.700012,,,
20-03-2014,1054.099976,,,
21-03-2014,1063.5,,,
24-03-2014,1076.300049,,,
25-03-2014,1073.324951,,,
26-03-2014,1046.75,,,
27-03-2014,1047.125,,,
28-03-2014,1051.050049,,,
31-03-2014,1066.574951,,,
01-04-2014,1088.349976,,,
02-04-2014,1086.125,,,
03-04-2014,1083.25,,,
04-04-2014,1069.425049,,,
07-04-2014,1076.900024,,,
09-04-2014,1070.199951,,,
10-04-2014,1063.074951,,,
11-04-2014,1082.050049,,,
15-04-2014,1126.375,,,
16-04-2014,1098.150024,,,
17-04-2014,1111.449951,,,
21-04-2014,1110.875,,,
22-04-2014,1110.525024,,,
23-04-2014,1106.875,,,
24-04-2014,1106.875,,,
25-04-2014,1102.625,,,
28-04-2014,1095.675049,,,
29-04-2014,1097.125,,,
30-04-2014,1094.599976,,,
02-05-2014,1104.224976,,,
05-05-2014,1106.849976,,,
06-05-2014,1099.449951,,,
07-05-2014,1082.775024,,,
08-05-2014,1081.025024,,,
09-05-2014,1079.949951,,,
12-05-2014,1079.675049,,,
13-05-2014,1105.474976,,,
14-05-2014,1108.050049,,,
15-05-2014,1096.574951,,,
16-05-2014,1080.375,,,
19-05-2014,1018.349976,,,
20-05-2014,1034.099976,,,
21-05-2014,1041.425049,,,
22-05-2014,1055.974976,,,
23-05-2014,1063.949951,,,
26-05-2014,1077,,,
27-05-2014,1065.724976,,,
28-05-2014,1075.275024,,,
29-05-2014,1079.974976,,,
30-05-2014,1070.675049,,,
02-06-2014,1064.925049,,,
03-06-2014,1064.300049,,,
04-06-2014,1044.625,,,
05-06-2014,1052.074951,,,
06-06-2014,1042.125,,,
09-06-2014,1056.900024,,,
10-06-2014,1079.074951,,,
11-06-2014,1103.474976,,,
12-06-2014,1118.675049,,,
13-06-2014,1106.775024,,,
16-06-2014,1134.875,,,
17-06-2014,1139.925049,,,
18-06-2014,1113.525024,,,
19-06-2014,1138.025024,,,
20-06-2014,1146.199951,,,
23-06-2014,1134.425049,,,
24-06-2014,1154.525024,,,
25-06-2014,1155.275024,,,
26-06-2014,1153.824951,,,
27-06-2014,1199.775024,,,
30-06-2014,1212.699951,,,
01-07-2014,1195.375,,,
02-07-2014,1200.800049,,,
03-07-2014,1208.949951,,,
04-07-2014,1205.25,,,
07-07-2014,1244.275024,,,
08-07-2014,1224.724976,,,
09-07-2014,1199.074951,,,
10-07-2014,1175.900024,,,
11-07-2014,1197.224976,,,
14-07-2014,1213.125,,,
15-07-2014,1199.650024,,,
16-07-2014,1200.925049,,,
17-07-2014,1190.974976,,,
18-07-2014,1220.599976,,,
21-07-2014,1231.875,,,
22-07-2014,1266.199951,,,
23-07-2014,1293.074951,,,
24-07-2014,1297.599976,,,
25-07-2014,1302.875,,,
28-07-2014,1294.650024,,,
30-07-2014,1297.525024,,,
31-07-2014,1290.025024,,,
01-08-2014,1258.199951,,,
04-08-2014,1263.025024,,,
05-08-2014,1261.849976,,,
06-08-2014,1253.324951,,,
07-08-2014,1234.900024,,,
08-08-2014,1239.349976,,,
11-08-2014,1234.199951,,,
12-08-2014,1235.875,,,
13-08-2014,1250.025024,,,
14-08-2014,1249.875,,,
18-08-2014,1243.800049,,,
19-08-2014,1219.25,,,
20-08-2014,1218.099976,,,
21-08-2014,1216.224976,,,
22-08-2014,1232.099976,,,
25-08-2014,1261.025024,,,
26-08-2014,1266.900024,,,
27-08-2014,1274.974976,,,
28-08-2014,1261.175049,,,
01-09-2014,1268.574951,,,
02-09-2014,1268.949951,,,
03-09-2014,1303.199951,,,
04-09-2014,1292.375,,,
05-09-2014,1299.300049,,,
08-09-2014,1321.349976,,,
09-09-2014,1315.625,,,
10-09-2014,1300.074951,,,
11-09-2014,1299.175049,,,
12-09-2014,1303.800049,,,
15-09-2014,1279.150024,,,
16-09-2014,1275.425049,,,
17-09-2014,1295.599976,,,
18-09-2014,1321.150024,,,
19-09-2014,1357.099976,,,
22-09-2014,1360.900024,,,
23-09-2014,1344.099976,,,
24-09-2014,1321.5,,,
25-09-2014,1354.300049,,,
26-09-2014,1342,,,
29-09-2014,1383.974976,,,
30-09-2014,1368.300049,,,
01-10-2014,1387.800049,,,
07-10-2014,1365.675049,,,
08-10-2014,1341.599976,,,
09-10-2014,1353.025024,,,
10-10-2014,1339.25,,,
13-10-2014,1358.275024,,,
14-10-2014,1349.599976,,,
15-10-2014,1349.599976,,,
16-10-2014,1339.050049,,,
17-10-2014,1220.574951,,,
20-10-2014,1211.650024,,,
21-10-2014,1216.699951,,,
22-10-2014,1225.925049,,,
27-10-2014,1228.574951,,,
28-10-2014,1239.300049,,,
29-10-2014,1253.025024,,,
30-10-2014,1279.099976,,,
31-10-2014,1303.925049,,,
03-11-2014,1295.175049,,,
05-11-2014,1299.75,,,
07-11-2014,1286.425049,,,
10-11-2014,1284.824951,,,
11-11-2014,1290.349976,,,
12-11-2014,1295.875,,,
13-11-2014,1294.224976,,,
14-11-2014,1303.224976,,,
17-11-2014,1309.150024,,,
18-11-2014,1292.925049,,,
19-11-2014,1286.875,,,
20-11-2014,1302.724976,,,
21-11-2014,1311.074951,,,
24-11-2014,1328.849976,,,
25-11-2014,1318,,,
26-11-2014,1313.650024,,,
27-11-2014,1326.650024,,,
28-11-2014,1321.5,,,
01-12-2014,1346.474976,,,
02-12-2014,1328.650024,,,
03-12-2014,1317.675049,,,
04-12-2014,1318.974976,,,
05-12-2014,1289.474976,,,
08-12-2014,1256.400024,,,
09-12-2014,1257.425049,,,
10-12-2014,1253.949951,,,
11-12-2014,1246.074951,,,
12-12-2014,1225.349976,,,
15-12-2014,1179.324951,,,
16-12-2014,1221.525024,,,
17-12-2014,1222.050049,,,
18-12-2014,1230.349976,,,
19-12-2014,1255.275024,,,
22-12-2014,1256.699951,,,
23-12-2014,1258.349976,,,
24-12-2014,1239.949951,,,
26-12-2014,1252.5,,,
29-12-2014,1261.449951,,,
30-12-2014,1265.025024,,,
31-12-2014,1279.125,,,
01-01-2015,1272.775024,,,
02-01-2015,1289.724976,,,
05-01-2015,1270.125,,,
06-01-2015,1223.300049,,,
07-01-2015,1208.849976,,,
08-01-2015,1221.900024,,,
09-01-2015,1256.150024,,,
12-01-2015,1254.849976,,,
13-01-2015,1248.949951,,,
14-01-2015,1260.974976,,,
15-01-2015,1269.550049,,,
16-01-2015,1266.074951,,,
19-01-2015,1255.5,,,
20-01-2015,1250.224976,,,
21-01-2015,1256.900024,,,
22-01-2015,1256.775024,,,
23-01-2015,1251.800049,,,
27-01-2015,1251.025024,,,
28-01-2015,1269.800049,,,
29-01-2015,1272.324951,,,
30-01-2015,1241.025024,,,
02-02-2015,1257.099976,,,
03-02-2015,1279.125,,,
04-02-2015,1257.150024,,,
05-02-2015,1276.199951,,,
06-02-2015,1287.875,,,
09-02-2015,1256.449951,,,
10-02-2015,1220.574951,,,
11-02-2015,1229.949951,,,
12-02-2015,1231.074951,,,
13-02-2015,1269.375,,,
16-02-2015,1292.400024,,,
18-02-2015,1317.824951,,,
19-02-2015,1340.525024,,,
20-02-2015,1337.775024,,,
23-02-2015,1348.324951,,,
24-02-2015,1352.375,,,
25-02-2015,1336.099976,,,
26-02-2015,1328.224976,,,
27-02-2015,1331.175049,,,
02-03-2015,1334.699951,,,
03-03-2015,1388,,,
04-03-2015,1373,,,
05-03-2015,1348.224976,,,
09-03-2015,1323.400024,,,
10-03-2015,1321.349976,,,
11-03-2015,1303.275024,,,
12-03-2015,1309.525024,,,
13-03-2015,1291.175049,,,
16-03-2015,1281.150024,,,
17-03-2015,1291.849976,,,
18-03-2015,1279.675049,,,
19-03-2015,1298.125,,,
20-03-2015,1305.474976,,,
23-03-2015,1308.574951,,,
24-03-2015,1295.650024,,,
25-03-2015,1286.875,,,
26-03-2015,1256.550049,,,
27-03-2015,1257.400024,,,
30-03-2015,1282.074951,,,
31-03-2015,1276.974976,,,
01-04-2015,1271.324951,,,
06-04-2015,1273.650024,,,
07-04-2015,1292.5,,,
08-04-2015,1320.699951,,,
09-04-2015,1332.275024,,,
10-04-2015,1326.875,,,
13-04-2015,1327.75,,,
15-04-2015,1313.875,,,
16-04-2015,1291.400024,,,
17-04-2015,1237.425049,,,
20-04-2015,1214.400024,,,
21-04-2015,1213.525024,,,
22-04-2015,1222.550049,,,
23-04-2015,1228.625,,,
24-04-2015,1246.525024,,,
27-04-2015,1250.099976,,,
28-04-2015,1247.5,,,
29-04-2015,1243.650024,,,
30-04-2015,1231.849976,,,
04-05-2015,1240.775024,,,
05-05-2015,1258.925049,,,
06-05-2015,1231.525024,,,
07-05-2015,1272.625,,,
08-05-2015,1263.625,,,
11-05-2015,1278,,,
12-05-2015,1261.449951,,,
13-05-2015,1257.699951,,,
14-05-2015,1249.625,,,
15-05-2015,1255.574951,,,
18-05-2015,1260.199951,,,
19-05-2015,1256.349976,,,
20-05-2015,1278.525024,,,
21-05-2015,1277.75,,,
22-05-2015,1308.949951,,,
25-05-2015,1300.5,,,
26-05-2015,1304.425049,,,
27-05-2015,1307.625,,,
28-05-2015,1304.75,,,
29-05-2015,1305.150024,,,
01-06-2015,1308.875,,,
02-06-2015,1299.949951,,,
03-06-2015,1305.449951,,,
04-06-2015,1302.824951,,,
05-06-2015,1287.925049,,,
08-06-2015,1288.724976,,,
09-06-2015,1280.824951,,,
10-06-2015,1300.375,,,
11-06-2015,1285.650024,,,
12-06-2015,1252.900024,,,
15-06-2015,1252.400024,,,
16-06-2015,1256,,,
17-06-2015,1256.900024,,,
18-06-2015,1265.025024,,,
19-06-2015,1274.775024,,,
22-06-2015,1295.75,,,
23-06-2015,1287.300049,,,
24-06-2015,1285.150024,,,
25-06-2015,1275,,,
26-06-2015,1296.400024,,,
29-06-2015,1296.449951,,,
30-06-2015,1275.474976,,,
01-07-2015,1296.550049,,,
02-07-2015,1288.875,,,
03-07-2015,1301.949951,,,
06-07-2015,1316.650024,,,
07-07-2015,1308.125,,,
08-07-2015,1297.550049,,,
09-07-2015,1261.25,,,
10-07-2015,1237.175049,,,
13-07-2015,1254.775024,,,
14-07-2015,1249.75,,,
15-07-2015,1272.875,,,
16-07-2015,1270.099976,,,
17-07-2015,1282.199951,,,
20-07-2015,1289.574951,,,
21-07-2015,1280.699951,,,
22-07-2015,1264.025024,,,
23-07-2015,1244.300049,,,
24-07-2015,1252.574951,,,
27-07-2015,1248.525024,,,
28-07-2015,1251.025024,,,
29-07-2015,1253.375,,,
30-07-2015,1240.324951,,,
31-07-2015,1255.375,,,
03-08-2015,1254.800049,,,
04-08-2015,1254.449951,,,
05-08-2015,1273.574951,,,
06-08-2015,1286.650024,,,
07-08-2015,1276.025024,,,
10-08-2015,1286.050049,,,
11-08-2015,1302.099976,,,
12-08-2015,1335.849976,,,
13-08-2015,1317.800049,,,
14-08-2015,1351.599976,,,
17-08-2015,1342.375,,,
18-08-2015,1370.449951,,,
19-08-2015,1366.800049,,,
20-08-2015,1343.425049,,,
21-08-2015,1338.074951,,,
24-08-2015,1289.324951,,,
25-08-2015,1283.574951,,,
26-08-2015,1288.375,,,
27-08-2015,1287.324951,,,
28-08-2015,1285.425049,,,
31-08-2015,1282.025024,,,
01-09-2015,1268.699951,,,
02-09-2015,1295.900024,,,
03-09-2015,1302.800049,,,
04-09-2015,1273.724976,,,
07-09-2015,1269.875,,,
08-09-2015,1270.150024,,,
09-09-2015,1274.875,,,
10-09-2015,1272.699951,,,
11-09-2015,1276,,,
14-09-2015,1275.824951,,,
15-09-2015,1268.625,,,
16-09-2015,1275.175049,,,
18-09-2015,1275.625,,,
21-09-2015,1275.525024,,,
22-09-2015,1263.400024,,,
23-09-2015,1266.324951,,,
24-09-2015,1290.199951,,,
28-09-2015,1296.849976,,,
29-09-2015,1294.125,,,
30-09-2015,1294.025024,,,
01-10-2015,1322.300049,,,
05-10-2015,1355.824951,,,
06-10-2015,1350,,,
07-10-2015,1326.974976,,,
08-10-2015,1316.900024,,,
09-10-2015,1314.824951,,,
12-10-2015,1296.300049,,,
13-10-2015,1299.275024,,,
14-10-2015,1241.849976,,,
15-10-2015,1233.875,,,
16-10-2015,1236,,,
19-10-2015,1244.375,,,
20-10-2015,1263.375,,,
21-10-2015,1265,,,
23-10-2015,1268.574951,,,
26-10-2015,1268.275024,,,
27-10-2015,1265.550049,,,
28-10-2015,1264.550049,,,
29-10-2015,1247.675049,,,
30-10-2015,1247.599976,,,
02-11-2015,1258.675049,,,
03-11-2015,1271.724976,,,
04-11-2015,1266.900024,,,
05-11-2015,1241.324951,,,
06-11-2015,1252.875,,,
09-11-2015,1235.675049,,,
10-11-2015,1229.074951,,,
13-11-2015,1198.699951,,,
16-11-2015,1187.300049,,,
17-11-2015,1195.275024,,,
18-11-2015,1175.724976,,,
19-11-2015,1181.275024,,,
20-11-2015,1199.175049,,,
23-11-2015,1195.525024,,,
24-11-2015,1183.974976,,,
26-11-2015,1172.775024,,,
27-11-2015,1176.675049,,,
30-11-2015,1186.775024,,,
01-12-2015,1180.949951,,,
02-12-2015,1182.599976,,,
03-12-2015,1175.375,,,
04-12-2015,1164.199951,,,
07-12-2015,1159.900024,,,
08-12-2015,1164.5,,,
09-12-2015,1183.824951,,,
10-12-2015,1192.275024,,,
11-12-2015,1193,,,
14-12-2015,1189.224976,,,
15-12-2015,1187.925049,,,
16-12-2015,1204.199951,,,
17-12-2015,1219.875,,,
18-12-2015,1208.400024,,,
21-12-2015,1223.199951,,,
22-12-2015,1202.525024,,,
23-12-2015,1212.900024,,,
24-12-2015,1217.125,,,
28-12-2015,1231.349976,,,
29-12-2015,1227.900024,,,
30-12-2015,1209.150024,,,
31-12-2015,1218.425049,,,
01-01-2016,1208.199951,,,
04-01-2016,1184.800049,,,
05-01-2016,1174.474976,,,
06-01-2016,1190.800049,,,
07-01-2016,1185.625,,,
08-01-2016,1198.800049,,,
11-01-2016,1181.175049,,,
12-01-2016,1163.525024,,,
13-01-2016,1139.599976,,,
14-01-2016,1139.400024,,,
15-01-2016,1130.550049,,,
18-01-2016,1138.824951,,,
19-01-2016,1139.650024,,,
20-01-2016,1140.050049,,,
21-01-2016,1127.25,,,
22-01-2016,1147.875,,,
25-01-2016,1152.324951,,,
27-01-2016,1159.875,,,
28-01-2016,1165.599976,,,
29-01-2016,1195.650024,,,
01-02-2016,1201.349976,,,
02-02-2016,1199.050049,,,
03-02-2016,1208.150024,,,
04-02-2016,1210.025024,,,
05-02-2016,1210.974976,,,
08-02-2016,1181.474976,,,
09-02-2016,1140.699951,,,
10-02-2016,1134.400024,,,
11-02-2016,1098.974976,,,
12-02-2016,1113.300049,,,
15-02-2016,1134.574951,,,
16-02-2016,1132.775024,,,
17-02-2016,1137.775024,,,
18-02-2016,1157.925049,,,
19-02-2016,1159.824951,,,
22-02-2016,1157.949951,,,
23-02-2016,1132,,,
24-02-2016,1105.474976,,,
25-02-2016,1106.425049,,,
26-02-2016,1105.25,,,
29-02-2016,1088.400024,,,
01-03-2016,1138.324951,,,
02-03-2016,1159.425049,,,
03-03-2016,1186.574951,,,
04-03-2016,1178.775024,,,
08-03-2016,1177.150024,,,
09-03-2016,1178.625,,,
10-03-2016,1174.150024,,,
11-03-2016,1182.625,,,
14-03-2016,1177.5,,,
15-03-2016,1164.949951,,,
16-03-2016,1163.525024,,,
17-03-2016,1176.025024,,,
18-03-2016,1212.925049,,,
21-03-2016,1223.125,,,
22-03-2016,1236.550049,,,
23-03-2016,1236.900024,,,
28-03-2016,1236.699951,,,
29-03-2016,1234.699951,,,
30-03-2016,1244.75,,,
31-03-2016,1260.150024,,,
01-04-2016,1226.949951,,,
04-04-2016,1235.625,,,
05-04-2016,1231.375,,,
06-04-2016,1240.949951,,,
07-04-2016,1235.400024,,,
08-04-2016,1216.025024,,,
11-04-2016,1253.324951,,,
12-04-2016,1259.074951,,,
13-04-2016,1263.099976,,,
18-04-2016,1259.875,,,
20-04-2016,1225.175049,,,
21-04-2016,1212.199951,,,
22-04-2016,1208.525024,,,
25-04-2016,1225.625,,,
26-04-2016,1244.900024,,,
27-04-2016,1255.550049,,,
28-04-2016,1263.875,,,
29-04-2016,1267.75,,,
02-05-2016,1263.349976,,,
03-05-2016,1239.050049,,,
04-05-2016,1239,,,
05-05-2016,1235.150024,,,
06-05-2016,1236.699951,,,
09-05-2016,1256.275024,,,
10-05-2016,1261.449951,,,
11-05-2016,1259.150024,,,
12-05-2016,1283.099976,,,
13-05-2016,1261.699951,,,
16-05-2016,1275.574951,,,
17-05-2016,1285.099976,,,
18-05-2016,1275.550049,,,
19-05-2016,1278.474976,,,
20-05-2016,1264.650024,,,
23-05-2016,1245.724976,,,
24-05-2016,1233.849976,,,
25-05-2016,1263.224976,,,
26-05-2016,1274.349976,,,
27-05-2016,1286.324951,,,
30-05-2016,1318.199951,,,
31-05-2016,1284.699951,,,
01-06-2016,1316.775024,,,
02-06-2016,1325.074951,,,
03-06-2016,1314.775024,,,
06-06-2016,1306.25,,,
07-06-2016,1315.574951,,,
08-06-2016,1306.550049,,,
09-06-2016,1288.625,,,
10-06-2016,1277.875,,,
13-06-2016,1273.5,,,
14-06-2016,1267.425049,,,
15-06-2016,1278.425049,,,
16-06-2016,1279.150024,,,
17-06-2016,1301.300049,,,
20-06-2016,1329.650024,,,
21-06-2016,1325.599976,,,
22-06-2016,1333.824951,,,
23-06-2016,1322.675049,,,
24-06-2016,1286.974976,,,
27-06-2016,1247.925049,,,
28-06-2016,1231.974976,,,
29-06-2016,1251.449951,,,
30-06-2016,1276.550049,,,
01-07-2016,1250.425049,,,
04-07-2016,1247.099976,,,
05-07-2016,1242.650024,,,
07-07-2016,1214.900024,,,
08-07-2016,1213.300049,,,
11-07-2016,1232.074951,,,
12-07-2016,1232.474976,,,
13-07-2016,1246.550049,,,
14-07-2016,1260.949951,,,
15-07-2016,1222.675049,,,
18-07-2016,1216.724976,,,
19-07-2016,1233.099976,,,
20-07-2016,1247.474976,,,
21-07-2016,1253.025024,,,
22-07-2016,1257.550049,,,
25-07-2016,1279.474976,,,
26-07-2016,1276.300049,,,
27-07-2016,1288.775024,,,
28-07-2016,1309.625,,,
29-07-2016,1309.650024,,,
01-08-2016,1354.125,,,
02-08-2016,1349.599976,,,
03-08-2016,1328.150024,,,
04-08-2016,1326,,,
05-08-2016,1324.550049,,,
08-08-2016,1324.75,,,
09-08-2016,1325.099976,,,
10-08-2016,1337.699951,,,
11-08-2016,1354.949951,,,
12-08-2016,1369.224976,,,
16-08-2016,1345.849976,,,
17-08-2016,1312.275024,,,
18-08-2016,1319.275024,,,
19-08-2016,1301.75,,,
22-08-2016,1274.349976,,,
23-08-2016,1300.525024,,,
24-08-2016,1286.025024,,,
25-08-2016,1275.525024,,,
26-08-2016,1262.474976,,,
29-08-2016,1250.275024,,,
30-08-2016,1272.074951,,,
31-08-2016,1255.650024,,,
01-09-2016,1253.75,,,
02-09-2016,1257.400024,,,
06-09-2016,1242.025024,,,
07-09-2016,1220.275024,,,
08-09-2016,1161.050049,,,
09-09-2016,1176.224976,,,
12-09-2016,1179.525024,,,
14-09-2016,1164.224976,,,
15-09-2016,1163.474976,,,
16-09-2016,1180.849976,,,
19-09-2016,1205.724976,,,
20-09-2016,1203.25,,,
21-09-2016,1206.699951,,,
22-09-2016,1189,,,
23-09-2016,1199.050049,,,
26-09-2016,1200.550049,,,
27-09-2016,1218.050049,,,
28-09-2016,1211.525024,,,
29-09-2016,1218.900024,,,
30-09-2016,1215.400024,,,
03-10-2016,1205.849976,,,
04-10-2016,1202.574951,,,
05-10-2016,1193.175049,,,
06-10-2016,1194.375,,,
07-10-2016,1183.900024,,,
10-10-2016,1190.150024,,,
13-10-2016,1164.449951,,,
14-10-2016,1183.099976,,,
17-10-2016,1181.224976,,,
18-10-2016,1200.099976,,,
19-10-2016,1197.550049,,,
20-10-2016,1200.574951,,,
21-10-2016,1214.324951,,,
24-10-2016,1213.849976,,,
25-10-2016,1199.224976,,,
26-10-2016,1198.125,,,
27-10-2016,1209.050049,,,
28-10-2016,1199.349976,,,
01-11-2016,1175,,,
02-11-2016,1152.025024,,,
03-11-2016,1159.724976,,,
04-11-2016,1165.275024,,,
07-11-2016,1138.525024,,,
08-11-2016,1141.599976,,,
09-11-2016,1084.925049,,,
10-11-2016,1077.724976,,,
11-11-2016,1050.574951,,,
15-11-2016,1060.650024,,,
16-11-2016,1094.800049,,,
17-11-2016,1068.599976,,,
18-11-2016,1062.550049,,,
21-11-2016,1066.449951,,,
22-11-2016,1067.5,,,
23-11-2016,1078.175049,,,
24-11-2016,1094.224976,,,
25-11-2016,1150.175049,,,
28-11-2016,1141.300049,,,
29-11-2016,1129.925049,,,
30-11-2016,1138.025024,,,
01-12-2016,1131.724976,,,
02-12-2016,1110.925049,,,
05-12-2016,1093,,,
06-12-2016,1091.175049,,,
07-12-2016,1077.275024,,,
08-12-2016,1097.875,,,
09-12-2016,1097.625,,,
12-12-2016,1104.099976,,,
13-12-2016,1100.150024,,,
14-12-2016,1103.800049,,,
15-12-2016,1129.650024,,,
16-12-2016,1141.324951,,,
19-12-2016,1144.449951,,,
20-12-2016,1169.650024,,,
21-12-2016,1156.800049,,,
22-12-2016,1153.849976,,,
23-12-2016,1144.050049,,,
26-12-2016,1146.550049,,,
27-12-2016,1161.699951,,,
28-12-2016,1156.699951,,,
29-12-2016,1175.849976,,,
30-12-2016,1182.775024,,,
02-01-2017,1180.675049,,,
03-01-2017,1184.125,,,
04-01-2017,1189.75,,,
05-01-2017,1167.199951,,,
06-01-2017,1140.699951,,,
09-01-2017,1151.849976,,,
10-01-2017,1157.675049,,,
11-01-2017,1162.199951,,,
12-01-2017,1172.175049,,,
13-01-2017,1124.650024,,,
16-01-2017,1129.275024,,,
17-01-2017,1139.375,,,
18-01-2017,1147.550049,,,
19-01-2017,1145.5,,,
20-01-2017,1142.675049,,,
23-01-2017,1153.349976,,,
24-01-2017,1159.175049,,,
25-01-2017,1176.5,,,
27-01-2017,1178.900024,,,
30-01-2017,1166.449951,,,
31-01-2017,1114.900024,,,
01-02-2017,1083.949951,,,
02-02-2017,1103.824951,,,
03-02-2017,1116.275024,,,
06-02-2017,1120.375,,,
07-02-2017,1122.300049,,,
08-02-2017,1135.474976,,,
09-02-2017,1158.650024,,,
10-02-2017,1198.974976,,,
13-02-2017,1207.125,,,
14-02-2017,1203.125,,,
15-02-2017,1206.849976,,,
16-02-2017,1223.875,,,
17-02-2017,1203.949951,,,
20-02-2017,1251.099976,,,
21-02-2017,1232.675049,,,
22-02-2017,1205.75,,,
23-02-2017,1240.900024,,,
27-02-2017,1244.925049,,,
28-02-2017,1233.125,,,
01-03-2017,1239.775024,,,
02-03-2017,1250.724976,,,
03-03-2017,1247.025024,,,
06-03-2017,1236.25,,,
07-03-2017,1249.900024,,,
08-03-2017,1256.099976,,,
09-03-2017,1259.875,,,
10-03-2017,1271.125,,,
14-03-2017,1283.75,,,
15-03-2017,1249.150024,,,
16-03-2017,1260.449951,,,
17-03-2017,1262.875,,,
20-03-2017,1240,,,
21-03-2017,1243.349976,,,
22-03-2017,1239.474976,,,
23-03-2017,1230.175049,,,
24-03-2017,1213.599976,,,
27-03-2017,1206.025024,,,
28-03-2017,1214.974976,,,
29-03-2017,1222.300049,,,
30-03-2017,1220.5,,,
31-03-2017,1215.900024,,,
03-04-2017,1205.849976,,,
05-04-2017,1200.625,,,
06-04-2017,1200.025024,,,
07-04-2017,1214.525024,,,
10-04-2017,1211.125,,,
11-04-2017,1209.650024,,,
12-04-2017,1196.625,,,
13-04-2017,1164.324951,,,
17-04-2017,1157.425049,,,
18-04-2017,1154.400024,,,
19-04-2017,1149.574951,,,
20-04-2017,1162.75,,,
21-04-2017,1155.400024,,,
24-04-2017,1164.050049,,,
25-04-2017,1155.75,,,
26-04-2017,1155.175049,,,
27-04-2017,1151.324951,,,
28-04-2017,1136.574951,,,
02-05-2017,1144.949951,,,
03-05-2017,1168.650024,,,
04-05-2017,1165.050049,,,
05-05-2017,1160.25,,,
08-05-2017,1171.224976,,,
09-05-2017,1176.275024,,,
10-05-2017,1166.224976,,,
11-05-2017,1174.724976,,,
12-05-2017,1180.324951,,,
15-05-2017,1182.550049,,,
16-05-2017,1214.574951,,,
17-05-2017,1227.675049,,,
18-05-2017,1268.099976,,,
19-05-2017,1253.574951,,,
22-05-2017,1265.675049,,,
23-05-2017,1260.849976,,,
24-05-2017,1279.574951,,,
25-05-2017,1312.300049,,,
26-05-2017,1289.125,,,
29-05-2017,1286.425049,,,
30-05-2017,1275.550049,,,
31-05-2017,1273.300049,,,
01-06-2017,1276.800049,,,
02-06-2017,1282.449951,,,
05-06-2017,1301.974976,,,
06-06-2017,1348,,,
07-06-2017,1307.625,,,
08-06-2017,1260.800049,,,
09-06-2017,1253.5,,,
12-06-2017,1243.599976,,,
13-06-2017,1225.775024,,,
14-06-2017,1235.099976,,,
15-06-2017,1205.599976,,,
16-06-2017,1199.849976,,,
19-06-2017,1215.849976,,,
20-06-2017,1222.5,,,
21-06-2017,1203.150024,,,
22-06-2017,1197.425049,,,
23-06-2017,1180.849976,,,
27-06-2017,1171.425049,,,
28-06-2017,1175.025024,,,
29-06-2017,1166.625,,,
30-06-2017,1181.175049,,,
03-07-2017,1186.800049,,,
04-07-2017,1183.425049,,,
05-07-2017,1178,,,
06-07-2017,1173.775024,,,
07-07-2017,1165.974976,,,
10-07-2017,1217.474976,,,
11-07-2017,1237.900024,,,
12-07-2017,1219.724976,,,
13-07-2017,1223.199951,,,
14-07-2017,1198.724976,,,
17-07-2017,1197.724976,,,
18-07-2017,1204.175049,,,
19-07-2017,1224.800049,,,
20-07-2017,1222.349976,,,
21-07-2017,1245.599976,,,
24-07-2017,1265.349976,,,
25-07-2017,1285.75,,,
26-07-2017,1278,,,
27-07-2017,1240.849976,,,
28-07-2017,1242.150024,,,
31-07-2017,1245.900024,,,
01-08-2017,1250.824951,,,
02-08-2017,1236.900024,,,
03-08-2017,1244.724976,,,
04-08-2017,1261.400024,,,
07-08-2017,1251.724976,,,
08-08-2017,1251.525024,,,
09-08-2017,1256,,,
10-08-2017,1255.724976,,,
11-08-2017,1248.025024,,,
14-08-2017,1234.699951,,,
16-08-2017,1246.175049,,,
17-08-2017,1242.824951,,,
18-08-2017,1256.900024,,,
21-08-2017,1264.400024,,,
22-08-2017,1248.775024,,,
23-08-2017,1244.724976,,,
24-08-2017,1248.300049,,,
28-08-2017,1243.650024,,,
29-08-2017,1235.425049,,,
30-08-2017,1242.275024,,,
31-08-2017,1248.175049,,,
01-09-2017,1228.224976,,,
04-09-2017,1228.099976,,,
05-09-2017,1242.175049,,,
06-09-2017,1226.599976,,,
07-09-2017,1230.050049,,,
08-09-2017,1235.300049,,,
11-09-2017,1227.224976,,,
12-09-2017,1244.224976,,,
13-09-2017,1244.599976,,,
14-09-2017,1243.474976,,,
15-09-2017,1253.025024,,,
18-09-2017,1249.525024,,,
19-09-2017,1249.125,,,
20-09-2017,1246.775024,,,
21-09-2017,1262.449951,,,
22-09-2017,1251.800049,,,
25-09-2017,1255.375,,,
26-09-2017,1237.324951,,,
27-09-2017,1247.5,,,
28-09-2017,1238.224976,,,
29-09-2017,1217.974976,,,
03-10-2017,1224.224976,,,
04-10-2017,1221.150024,,,
05-10-2017,1214.800049,,,
06-10-2017,1223.324951,,,
09-10-2017,1227.050049,,,
10-10-2017,1229.625,,,
11-10-2017,1250.175049,,,
12-10-2017,1274.099976,,,
13-10-2017,1279.300049,,,
16-10-2017,1292.199951,,,
17-10-2017,1297.275024,,,
18-10-2017,1293.300049,,,
19-10-2017,1291.949951,,,
23-10-2017,1293.949951,,,
24-10-2017,1289.199951,,,
25-10-2017,1279.949951,,,
26-10-2017,1269.425049,,,
27-10-2017,1292.150024,,,
30-10-2017,1308.099976,,,
31-10-2017,1312,,,
01-11-2017,1301.425049,,,
02-11-2017,1313.074951,,,
03-11-2017,1310.050049,,,
06-11-2017,1332.775024,,,
07-11-2017,1355.025024,,,
08-11-2017,1367.5,,,
09-11-2017,1368.199951,,,
10-11-2017,1354.375,,,
13-11-2017,1379.474976,,,
14-11-2017,1357.300049,,,
15-11-2017,1352.650024,,,
16-11-2017,1373.324951,,,
17-11-2017,1353.650024,,,
20-11-2017,1351.724976,,,
21-11-2017,1336.474976,,,
22-11-2017,1340.324951,,,
23-11-2017,1340.625,,,
24-11-2017,1344.025024,,,
27-11-2017,1342.925049,,,
28-11-2017,1342.650024,,,
29-11-2017,1329.074951,,,
30-11-2017,1318.5,,,
01-12-2017,1314.974976,,,
04-12-2017,1316.175049,,,
05-12-2017,1317.775024,,,
06-12-2017,1316.650024,,,
07-12-2017,1308.625,,,
08-12-2017,1300.75,,,
11-12-2017,1330.550049,,,
12-12-2017,1306.074951,,,
13-12-2017,1314.199951,,,
14-12-2017,1278.900024,,,
15-12-2017,1272.800049,,,
18-12-2017,1290.25,,,
19-12-2017,1287.650024,,,
20-12-2017,1294.474976,,,
21-12-2017,1297.849976,,,
22-12-2017,1323.375,,,
26-12-2017,1324.724976,,,
27-12-2017,1309.949951,,,
28-12-2017,1313.474976,,,
29-12-2017,1350.599976,,,
01-01-2018,1322.800049,,,
02-01-2018,1315.599976,,,
03-01-2018,1319.324951,,,
04-01-2018,1328.550049,,,
05-01-2018,1344.599976,,,
08-01-2018,1357.199951,,,
09-01-2018,1354.5,,,
10-01-2018,1403.300049,,,
11-01-2018,1395.25,,,
12-01-2018,1388.175049,,,
15-01-2018,1373.050049,,,
16-01-2018,1425.425049,,,
17-01-2018,1444.474976,,,
18-01-2018,1459.099976,,,
19-01-2018,1479.650024,,,
22-01-2018,1558.199951,,,
23-01-2018,1551,,,
24-01-2018,1587.300049,,,
25-01-2018,1560.525024,,,
29-01-2018,1599.425049,,,
30-01-2018,1576.425049,,,
31-01-2018,1556.175049,,,
01-02-2018,1569.300049,,,
02-02-2018,1576.824951,,,
05-02-2018,1551.599976,,,
06-02-2018,1498.625,,,
07-02-2018,1477.525024,,,
08-02-2018,1487.099976,,,
09-02-2018,1485.849976,,,
12-02-2018,1483.650024,,,
14-02-2018,1455.900024,,,
15-02-2018,1462.925049,,,
16-02-2018,1466.525024,,,
19-02-2018,1461.800049,,,
20-02-2018,1472.375,,,
21-02-2018,1521.150024,,,
22-02-2018,1525.099976,,,
23-02-2018,1537.900024,,,
26-02-2018,1515.849976,,,
27-02-2018,1521.175049,,,
28-02-2018,1517.525024,,,
01-03-2018,1518.849976,,,
05-03-2018,1552.925049,,,
06-03-2018,1521.400024,,,
07-03-2018,1513.724976,,,
08-03-2018,1501.974976,,,
09-03-2018,1517.050049,,,
12-03-2018,1526.074951,,,
13-03-2018,1443.400024,,,
14-03-2018,1443.449951,,,
15-03-2018,1434.849976,,,
16-03-2018,1412.849976,,,
19-03-2018,1415.5,,,
20-03-2018,1432.425049,,,
21-03-2018,1428.375,,,
22-03-2018,1415.675049,,,
23-03-2018,1409.074951,,,
26-03-2018,1408.5,,,
27-03-2018,1423.849976,,,
28-03-2018,1424.574951,,,
02-04-2018,1454.824951,,,
03-04-2018,1455.625,,,
04-04-2018,1455.449951,,,
05-04-2018,1478.974976,,,
06-04-2018,1475.150024,,,
09-04-2018,1461.949951,,,
10-04-2018,1468.800049,,,
11-04-2018,1507.074951,,,
12-04-2018,1569.625,,,
13-04-2018,1576.650024,,,
16-04-2018,1593.824951,,,
17-04-2018,1583.300049,,,
18-04-2018,1579.550049,,,
19-04-2018,1595.574951,,,
20-04-2018,1701.224976,,,
23-04-2018,1704.324951,,,
24-04-2018,1692.824951,,,
25-04-2018,1735.125,,,
26-04-2018,1769.625,,,
27-04-2018,1725.974976,,,
30-04-2018,1766.050049,,,
02-05-2018,1749.875,,,
03-05-2018,1740.925049,,,
04-05-2018,1740.375,,,
07-05-2018,1710.474976,,,
08-05-2018,1720.599976,,,
09-05-2018,1744.650024,,,
10-05-2018,1725.625,,,
11-05-2018,1728.474976,,,
14-05-2018,1716.775024,,,
15-05-2018,1741.199951,,,
16-05-2018,1746.949951,,,
17-05-2018,1745.900024,,,
18-05-2018,1751.025024,,,
21-05-2018,1778.375,,,
22-05-2018,1754.449951,,,
23-05-2018,1747.550049,,,
24-05-2018,1801.849976,,,
25-05-2018,1792.900024,,,
28-05-2018,1751.025024,,,
29-05-2018,1761.75,,,
30-05-2018,1757.050049,,,
31-05-2018,1741.050049,,,
01-06-2018,1732.449951,,,
04-06-2018,1744.25,,,
05-06-2018,1721.599976,,,
06-06-2018,1725.75,,,
07-06-2018,1735.550049,,,
08-06-2018,1747.099976,,,
11-06-2018,1749.699951,,,
12-06-2018,1781,,,
13-06-2018,1824.099976,,,
14-06-2018,1787.550049,,,
15-06-2018,1840.050049,,,
18-06-2018,1829,,,
19-06-2018,1824.5,,,
20-06-2018,1822.449951,,,
21-06-2018,1819.349976,,,
22-06-2018,1809.800049,,,
25-06-2018,1819.25,,,
26-06-2018,1852,,,
27-06-2018,1858,,,
28-06-2018,1842.699951,,,
29-06-2018,1847.75,,,
02-07-2018,1851.349976,,,
03-07-2018,1874.050049,,,
04-07-2018,1866.150024,,,
05-07-2018,1880.300049,,,
06-07-2018,1912.949951,,,
09-07-2018,1883,,,
10-07-2018,1875.099976,,,
11-07-2018,1979.900024,,,
12-07-2018,1971.349976,,,
13-07-2018,1981.099976,,,
16-07-2018,1989.199951,,,
17-07-2018,2002.150024,,,
18-07-2018,2000.25,,,
19-07-2018,1981.400024,,,
20-07-2018,1996.599976,,,
23-07-2018,2005.650024,,,
24-07-2018,1999,,,
25-07-2018,1981.5,,,
26-07-2018,1964.699951,,,
27-07-2018,1943.75,,,
30-07-2018,1944.599976,,,
31-07-2018,1940.199951,,,
01-08-2018,1976.5,,,
02-08-2018,1948.400024,,,
03-08-2018,1979.449951,,,
06-08-2018,1975.550049,,,
07-08-2018,1967.349976,,,
08-08-2018,1974,,,
09-08-2018,1974.349976,,,
10-08-2018,1993.099976,,,
13-08-2018,2000.150024,,,
14-08-2018,2003.550049,,,
16-08-2018,2008.5,,,
17-08-2018,2012.75,,,
20-08-2018,2009.949951,,,
21-08-2018,2017.650024,,,
23-08-2018,2035.099976,,,
24-08-2018,2043,,,
27-08-2018,2050.899902,,,
28-08-2018,2069.199951,,,
29-08-2018,2072,,,
30-08-2018,2082.399902,,,
31-08-2018,2078.399902,,,
03-09-2018,2052.899902,,,
04-09-2018,2098.899902,,,
05-09-2018,2079.25,,,
06-09-2018,2075.300049,,,
07-09-2018,2079.850098,,,
10-09-2018,2080.75,,,
11-09-2018,2046.25,,,
12-09-2018,2043.949951,,,
14-09-2018,2065.399902,,,
17-09-2018,2074.149902,,,
18-09-2018,2070.75,,,
19-09-2018,2077.899902,,,
21-09-2018,2103.149902,,,
24-09-2018,2198.449951,,,
25-09-2018,2183.199951,,,
26-09-2018,2142.149902,,,
27-09-2018,2188.850098,,,
28-09-2018,2183.699951,,,
01-10-2018,2255.550049,,,
03-10-2018,2162.850098,,,
04-10-2018,2064.800049,,,
05-10-2018,2102.649902,,,
08-10-2018,2077.550049,,,
09-10-2018,2091.800049,,,
10-10-2018,2043.599976,,,
11-10-2018,1979.949951,,,
12-10-2018,1918.300049,,,
15-10-2018,1949.5,,,
16-10-2018,1962.300049,,,
17-10-2018,1929.400024,,,
19-10-2018,1913.199951,,,
22-10-2018,1903,,,
23-10-2018,1843.650024,,,
24-10-2018,1848.5,,,
25-10-2018,1853,,,
26-10-2018,1799.099976,,,
29-10-2018,1871,,,
30-10-2018,1894.800049,,,
31-10-2018,1938.150024,,,
01-11-2018,1935.75,,,
02-11-2018,1913.449951,,,
05-11-2018,1890.849976,,,
06-11-2018,1932.699951,,,
07-11-2018,1942.150024,,,
09-11-2018,1909.199951,,,
12-11-2018,1914.849976,,,
13-11-2018,1934.949951,,,
14-11-2018,1880.650024,,,
15-11-2018,1872.849976,,,
16-11-2018,1886.599976,,,
19-11-2018,1902.449951,,,
20-11-2018,1878.25,,,
21-11-2018,1812,,,
22-11-2018,1812.550049,,,
26-11-2018,1846.099976,,,
27-11-2018,1890.25,,,
28-11-2018,1983.900024,,,
29-11-2018,1960.550049,,,
30-11-2018,1968.25,,,
03-12-2018,1982.400024,,,
04-12-2018,2010.849976,,,
05-12-2018,2006.75,,,
06-12-2018,1992.699951,,,
07-12-2018,1995.199951,,,
10-12-2018,1975.800049,,,
11-12-2018,2000,,,
12-12-2018,2016.800049,,,
13-12-2018,1982.599976,,,
14-12-2018,1989.75,,,
17-12-2018,1994.300049,,,
18-12-2018,1987.849976,,,
19-12-2018,1968.449951,,,
20-12-2018,1954.050049,,,
21-12-2018,1895.800049,,,
24-12-2018,1918.5,,,
26-12-2018,1889.199951,,,
27-12-2018,1908.949951,,,
28-12-2018,1896.050049,,,
31-12-2018,1893.050049,,,
01-01-2019,1902.800049,,,
02-01-2019,1923.300049,,,
03-01-2019,1899.949951,,,
04-01-2019,1876.849976,,,
07-01-2019,1897.900024,,,
08-01-2019,1893.550049,,,
09-01-2019,1886.949951,,,
10-01-2019,1888.550049,,,
11-01-2019,1842.550049,,,
14-01-2019,1813.25,,,
15-01-2019,1867.800049,,,
16-01-2019,1870.150024,,,
17-01-2019,1894.300049,,,
18-01-2019,1900.650024,,,
21-01-2019,1908.699951,,,
22-01-2019,1901.900024,,,
23-01-2019,1875.599976,,,
24-01-2019,1901.550049,,,
25-01-2019,1920.800049,,,
28-01-2019,1955,,,
29-01-2019,1982.75,,,
30-01-2019,1981.400024,,,
31-01-2019,2014.099976,,,
01-02-2019,2029.949951,,,
04-02-2019,2050.25,,,
05-02-2019,2044.550049,,,
06-02-2019,2074.800049,,,
07-02-2019,2082.899902,,,
08-02-2019,2061.399902,,,
11-02-2019,2065.899902,,,
12-02-2019,2051.600098,,,
14-02-2019,2044.599976,,,
15-02-2019,2029.699951,,,
18-02-2019,1970.300049,,,
19-02-2019,1904.800049,,,
20-02-2019,1914.75,,,
21-02-2019,1914.199951,,,
22-02-2019,1925.650024,,,
25-02-2019,1985.150024,,,
26-02-2019,2038.699951,,,
27-02-2019,2058.100098,,,
28-02-2019,1983.449951,,,
01-03-2019,1995.400024,,,
05-03-2019,1988.099976,,,
06-03-2019,1999.599976,,,
07-03-2019,2013.300049,,,
08-03-2019,2022.699951,,,
11-03-2019,2014.800049,,,
12-03-2019,2012.449951,,,
13-03-2019,2000.5,,,
14-03-2019,1987.400024,,,
15-03-2019,2039.949951,,,
18-03-2019,2022.800049,,,
19-03-2019,2022.800049,,,
20-03-2019,2015.050049,,,
22-03-2019,2005.650024,,,
25-03-2019,1984.25,,,
26-03-2019,1982.650024,,,
27-03-2019,1967.900024,,,
28-03-2019,2000.300049,,,
01-04-2019,2031.650024,,,
02-04-2019,2079.300049,,,
03-04-2019,2079.300049,,,
04-04-2019,2014.5,,,
05-04-2019,2048.300049,,,
08-04-2019,2070.75,,,
09-04-2019,2091.5,,,
10-04-2019,2040.25,,,
11-04-2019,2019.5,,,
12-04-2019,2014.5,,,
15-04-2019,2113.300049,,,
16-04-2019,2131.800049,,,
18-04-2019,2150.050049,,,
22-04-2019,2161.449951,,,
23-04-2019,2155.050049,,,
24-04-2019,2183.449951,,,
25-04-2019,2195,,,
26-04-2019,2238.550049,,,
30-04-2019,2260.350098,,,
02-05-2019,2215.399902,,,
03-05-2019,2132,,,
06-05-2019,2157.850098,,,
07-05-2019,2151.949951,,,
08-05-2019,2152.850098,,,
09-05-2019,2172.550049,,,
10-05-2019,2135.800049,,,
13-05-2019,2128.75,,,
14-05-2019,2092.350098,,,
15-05-2019,2095.399902,,,
16-05-2019,2108.75,,,
17-05-2019,2095.449951,,,
20-05-2019,2143.949951,,,
21-05-2019,2109.75,,,
22-05-2019,2081.75,,,
23-05-2019,2054.050049,,,
24-05-2019,2048,,,
27-05-2019,2055.149902,,,
28-05-2019,2073.75,,,
29-05-2019,2107.550049,,,
30-05-2019,2146.300049,,,
31-05-2019,2196.550049,,,
03-06-2019,2242.300049,,,
04-06-2019,2183.100098,,,
06-06-2019,2166.100098,,,
07-06-2019,2181.75,,,
10-06-2019,2231.5,,,
11-06-2019,2252.800049,,,
12-06-2019,2260.899902,,,
13-06-2019,2254.100098,,,
14-06-2019,2254.5,,,
17-06-2019,2249.199951,,,
18-06-2019,2250.850098,,,
19-06-2019,2259.899902,,,
20-06-2019,2277.949951,,,
21-06-2019,2249.850098,,,
24-06-2019,2275.5,,,
25-06-2019,2267.800049,,,
26-06-2019,2254.199951,,,
27-06-2019,2252.550049,,,
28-06-2019,2227.199951,,,
01-07-2019,2239.550049,,,
02-07-2019,2252.100098,,,
03-07-2019,2237.649902,,,
04-07-2019,2242.649902,,,
05-07-2019,2163.100098,,,
08-07-2019,2175.399902,,,
09-07-2019,2133.350098,,,
10-07-2019,2108.199951,,,
11-07-2019,2102.550049,,,
12-07-2019,2107.600098,,,
15-07-2019,2145.699951,,,
16-07-2019,2106,,,
17-07-2019,2117.25,,,
18-07-2019,2065.949951,,,
19-07-2019,2076.949951,,,
22-07-2019,2109.899902,,,
23-07-2019,2112.449951,,,
24-07-2019,2096.800049,,,
25-07-2019,2127.899902,,,
26-07-2019,2109.050049,,,
29-07-2019,2130,,,
30-07-2019,2179.149902,,,
31-07-2019,2205.699951,,,
01-08-2019,2180.050049,,,
02-08-2019,2205.300049,,,
05-08-2019,2248.600098,,,
06-08-2019,2214.899902,,,
07-08-2019,2213.449951,,,
08-08-2019,2258.100098,,,
09-08-2019,2246.25,,,
13-08-2019,2199.449951,,,
14-08-2019,2204.399902,,,
16-08-2019,2165.100098,,,
19-08-2019,2163,,,
20-08-2019,2186.75,,,
21-08-2019,2186.199951,,,
22-08-2019,2216,,,
23-08-2019,2247.699951,,,
26-08-2019,2276.300049,,,
27-08-2019,2236.5,,,
28-08-2019,2239.25,,,
29-08-2019,2233.449951,,,
30-08-2019,2259.600098,,,
03-09-2019,2251.600098,,,
04-09-2019,2245.399902,,,
05-09-2019,2215.300049,,,
06-09-2019,2197.5,,,
09-09-2019,2182.850098,,,
11-09-2019,2154,,,
12-09-2019,2133.600098,,,
13-09-2019,2141.949951,,,
16-09-2019,2150,,,
17-09-2019,2122.649902,,,
18-09-2019,2138.550049,,,
19-09-2019,2101.949951,,,
20-09-2019,2065.449951,,,
23-09-2019,2015.800049,,,
24-09-2019,2044.699951,,,
25-09-2019,2088.449951,,,
26-09-2019,2087.600098,,,
27-09-2019,2056.149902,,,
30-09-2019,2099.300049,,,
01-10-2019,2059.949951,,,
03-10-2019,2060.25,,,
04-10-2019,2079.350098,,,
07-10-2019,2047.699951,,,
09-10-2019,2020.099976,,,
10-10-2019,2004.449951,,,
11-10-2019,1986.849976,,,
14-10-2019,2021,,,
15-10-2019,2037.300049,,,
16-10-2019,2046.400024,,,
17-10-2019,2030.949951,,,
18-10-2019,2057.350098,,,
22-10-2019,2051.399902,,,
23-10-2019,2070.100098,,,
24-10-2019,2082,,,
25-10-2019,2124.949951,,,
29-10-2019,2194.850098,,,
30-10-2019,2252.800049,,,
31-10-2019,2269.649902,,,
01-11-2019,2200.899902,,,
04-11-2019,2193.949951,,,
05-11-2019,2201.850098,,,
06-11-2019,2188.5,,,
07-11-2019,2185.350098,,,
08-11-2019,2129.949951,,,
11-11-2019,2100.949951,,,
13-11-2019,2178.600098,,,
14-11-2019,2196.800049,,,
15-11-2019,2174.449951,,,
18-11-2019,2152.600098,,,
19-11-2019,2108.800049,,,
20-11-2019,2108.550049,,,
21-11-2019,2118.100098,,,
22-11-2019,2071.699951,,,
25-11-2019,2081.5,,,
26-11-2019,2046.650024,,,
27-11-2019,2054.300049,,,
28-11-2019,2077.350098,,,
29-11-2019,2053.25,,,
02-12-2019,2021.050049,,,
03-12-2019,2051,,,
04-12-2019,2078.5,,,
05-12-2019,2121.300049,,,
06-12-2019,2123.600098,,,
09-12-2019,2060.449951,,,
10-12-2019,2012.849976,,,
11-12-2019,2041.900024,,,
12-12-2019,2020.900024,,,
13-12-2019,2071.25,,,
16-12-2019,2126.75,,,
17-12-2019,2164.949951,,,
18-12-2019,2167.75,,,
19-12-2019,2229.050049,,,
20-12-2019,2222.899902,,,
23-12-2019,2231.699951,,,
24-12-2019,2215.600098,,,
26-12-2019,2201.949951,,,
27-12-2019,2198.5,,,
30-12-2019,2183.199951,,,
31-12-2019,2161.699951,,,
01-01-2020,2167.600098,,,
02-01-2020,2157.649902,,,
03-01-2020,2200.649902,,,
06-01-2020,2200.449951,,,
07-01-2020,2205.850098,,,
08-01-2020,2255.25,,,
09-01-2020,2214.350098,,,
10-01-2020,2213.550049,,,
13-01-2020,2190.350098,,,
14-01-2020,2206.899902,,,
15-01-2020,2226.899902,,,
16-01-2020,2238.800049,,,
17-01-2020,2219.100098,,,
20-01-2020,2170.350098,,,
21-01-2020,2171.050049,,,
22-01-2020,2206.899902,,,
23-01-2020,2190.949951,,,
24-01-2020,2183.399902,,,
27-01-2020,2169.25,,,
28-01-2020,2183.75,,,
29-01-2020,2154.600098,,,
30-01-2020,2137.850098,,,
31-01-2020,2079.050049,,,
03-02-2020,2102.5,,,
04-02-2020,2107.75,,,
05-02-2020,2146.550049,,,
06-02-2020,2128.350098,,,
07-02-2020,2136.550049,,,
10-02-2020,2161.949951,,,
11-02-2020,2153.399902,,,
12-02-2020,2170.75,,,
13-02-2020,2191.949951,,,
14-02-2020,2184.199951,,,
17-02-2020,2203.25,,,
18-02-2020,2215.75,,,
19-02-2020,2196.350098,,,
20-02-2020,2156.800049,,,
24-02-2020,2115.350098,,,
25-02-2020,2156.149902,,,
26-02-2020,2123.600098,,,
27-02-2020,2105.5,,,
28-02-2020,2000.150024,,,
02-03-2020,2001.300049,,,
03-03-2020,2036.199951,,,
04-03-2020,2083.199951,,,
05-03-2020,2125.050049,,,
06-03-2020,2116.449951,,,
09-03-2020,1972.349976,,,
11-03-2020,1953.699951,,,
12-03-2020,1769.849976,,,
13-03-2020,1806.300049,,,
16-03-2020,1696.400024,,,
17-03-2020,1658,,,
18-03-2020,1654.400024,,,
19-03-2020,1636.349976,,,
20-03-2020,1797.449951,,,
23-03-2020,1669.699951,,,
24-03-2020,1703.150024,,,
25-03-2020,1750.300049,,,
26-03-2020,1790.949951,,,
27-03-2020,1824.5,,,
30-03-2020,1778.5,,,
31-03-2020,1826.099976,,,
01-04-2020,1708.75,,,
03-04-2020,1654.199951,,,
07-04-2020,1775.199951,,,
08-04-2020,1705.449951,,,
09-04-2020,1766.150024,,,
13-04-2020,1759.25,,,
15-04-2020,1735.150024,,,
16-04-2020,1716.050049,,,
17-04-2020,1806.199951,,,
20-04-2020,1818.650024,,,
21-04-2020,1737.650024,,,
22-04-2020,1769.5,,,
23-04-2020,1878.25,,,
24-04-2020,1818.550049,,,
27-04-2020,1836.599976,,,
28-04-2020,1859.050049,,,
29-04-2020,1905.650024,,,
30-04-2020,2014.449951,,,
04-05-2020,1930.449951,,,
05-05-2020,1932.75,,,
06-05-2020,1903.599976,,,
07-05-2020,1891.650024,,,
08-05-2020,1893.400024,,,
11-05-2020,1935.300049,,,
12-05-2020,1949.5,,,
13-05-2020,1949.650024,,,
14-05-2020,1902.349976,,,
15-05-2020,1892.900024,,,
18-05-2020,1945.599976,,,
19-05-2020,1948.650024,,,
20-05-2020,1953.599976,,,
21-05-2020,1991.199951,,,
22-05-2020,2020.349976,,,
26-05-2020,1943,,,
27-05-2020,2005.300049,,,
28-05-2020,2004.300049,,,
29-05-2020,1972.349976,,,
01-06-2020,2045.25,,,
02-06-2020,2047.150024,,,
03-06-2020,2046.150024,,,
04-06-2020,2091.550049,,,
05-06-2020,2048.25,,,
08-06-2020,2071.75,,,
09-06-2020,2072.050049,,,
10-06-2020,2108.75,,,
11-06-2020,2067.649902,,,
12-06-2020,2039.5,,,
15-06-2020,2029.900024,,,
16-06-2020,2045.800049,,,
17-06-2020,2047.800049,,,
18-06-2020,2038.099976,,,
19-06-2020,2044.599976,,,
22-06-2020,2027.949951,,,
23-06-2020,2035.300049,,,
24-06-2020,2042.199951,,,
25-06-2020,2016.099976,,,
26-06-2020,2118.850098,,,
29-06-2020,2101.649902,,,
30-06-2020,2082.149902,,,
01-07-2020,2092.050049,,,
02-07-2020,2157.149902,,,
03-07-2020,2199.649902,,,
06-07-2020,2263.199951,,,
07-07-2020,2269.899902,,,
08-07-2020,2218.899902,,,
09-07-2020,2204.350098,,,
10-07-2020,2222.350098,,,
13-07-2020,2220,,,
14-07-2020,2171.949951,,,
15-07-2020,2233.899902,,,
16-07-2020,2234.75,,,
17-07-2020,2200.75,,,
20-07-2020,2207.899902,,,
21-07-2020,2225.050049,,,
22-07-2020,2190.949951,,,
23-07-2020,2171.199951,,,
24-07-2020,2157.399902,,,
27-07-2020,2206.800049,,,
28-07-2020,2309.75,,,
29-07-2020,2276.050049,,,
30-07-2020,2279.5,,,
31-07-2020,2281.399902,,,
03-08-2020,2254.149902,,,
04-08-2020,2249.699951,,,
05-08-2020,2259.5,,,
06-08-2020,2308.100098,,,
07-08-2020,2295.350098,,,
10-08-2020,2282.800049,,,
11-08-2020,2279.899902,,,
12-08-2020,2257.350098,,,
13-08-2020,2254.449951,,,
14-08-2020,2242.149902,,,
17-08-2020,2253.399902,,,
18-08-2020,2269.75,,,
19-08-2020,2256.600098,,,
20-08-2020,2252.850098,,,
21-08-2020,2248.600098,,,
24-08-2020,2248.100098,,,
25-08-2020,2242.649902,,,
26-08-2020,2253.5,,,
27-08-2020,2248.399902,,,
28-08-2020,2238.550049,,,
31-08-2020,2257.25,,,
01-09-2020,2246.350098,,,
02-09-2020,2265.149902,,,
03-09-2020,2299.5,,,
04-09-2020,2288.800049,,,
07-09-2020,2327.050049,,,
08-09-2020,2348.199951,,,
09-09-2020,2327.649902,,,
10-09-2020,2331.149902,,,
11-09-2020,2374.100098,,,
14-09-2020,2491.399902,,,
15-09-2020,2491.399902,,,
16-09-2020,2503,,,
17-09-2020,2460.949951,,,
18-09-2020,2449.899902,,,
21-09-2020,2465.300049,,,
22-09-2020,2522.949951,,,
23-09-2020,2467.449951,,,
24-09-2020,2332.25,,,
25-09-2020,2422.300049,,,
28-09-2020,2426.300049,,,
29-09-2020,2488.399902,,,
30-09-2020,2492.300049,,,
01-10-2020,2523.449951,,,
05-10-2020,2705.800049,,,
06-10-2020,2714.300049,,,
07-10-2020,2735.949951,,,
08-10-2020,2825.699951,,,
09-10-2020,2812.949951,,,
12-10-2020,2830,,,
13-10-2020,2826.550049,,,
14-10-2020,2809.600098,,,
15-10-2020,2740.600098,,,
16-10-2020,2763.300049,,,
19-10-2020,2711.550049,,,
20-10-2020,2739,,,
21-10-2020,2675.399902,,,
22-10-2020,2671.149902,,,
23-10-2020,2686.800049,,,
26-10-2020,2688.199951,,,
27-10-2020,2630.149902,,,
28-10-2020,2622.199951,,,
29-10-2020,2632.649902,,,
30-10-2020,2664.850098,,,
02-11-2020,2604.600098,,,
03-11-2020,2633.600098,,,
04-11-2020,2653.149902,,,
05-11-2020,2685.699951,,,
06-11-2020,2707.449951,,,
09-11-2020,2726.600098,,,
10-11-2020,2649.600098,,,
11-11-2020,2687.800049,,,
12-11-2020,2671.050049,,,
13-11-2020,2656.850098,,,
17-11-2020,2666.050049,,,
18-11-2020,2626.649902,,,
19-11-2020,2636.899902,,,
20-11-2020,2660.25,,,
23-11-2020,2724.25,,,
24-11-2020,2722.050049,,,
25-11-2020,2701.300049,,,
26-11-2020,2720.600098,,,
27-11-2020,2679.649902,,,
01-12-2020,2726.800049,,,
02-12-2020,2749.550049,,,
03-12-2020,2709.449951,,,
04-12-2020,2727.550049,,,
07-12-2020,2737.699951,,,
08-12-2020,2797.300049,,,
09-12-2020,2810.800049,,,
10-12-2020,2784.300049,,,
11-12-2020,2783.600098,,,
14-12-2020,2797.699951,,,
15-12-2020,2761.550049,,,
16-12-2020,2814.199951,,,
17-12-2020,2838.199951,,,
18-12-2020,2861,,,
21-12-2020,2820.149902,,,
22-12-2020,2872.5,,,
23-12-2020,2908.75,,,
24-12-2020,2909.350098,,,
28-12-2020,2929.399902,,,
29-12-2020,2930.5,,,
30-12-2020,2909.300049,,,
31-12-2020,2862.75,,,
01-01-2021,2928.25,,,
04-01-2021,3039.449951,,,
05-01-2021,3093,,,
06-01-2021,3051.5,,,
07-01-2021,3032.800049,,,
08-01-2021,3120.899902,,,
11-01-2021,3176.449951,,,
12-01-2021,3174.850098,,,
13-01-2021,3158.949951,,,
14-01-2021,3250.699951,,,
15-01-2021,3233.350098,,,
18-01-2021,3221.75,,,
19-01-2021,3260.699951,,,
20-01-2021,3308.800049,,,
21-01-2021,3273.850098,,,
22-01-2021,3303.100098,,,
25-01-2021,3291.300049,,,
27-01-2021,3261.050049,,,
28-01-2021,3196.550049,,,
29-01-2021,3111.350098,,,
01-02-2021,3139.350098,,,
02-02-2021,3203.449951,,,
03-02-2021,3200.050049,,,
04-02-2021,3188.449951,,,
05-02-2021,3157.949951,,,
08-02-2021,3214.100098,,,
09-02-2021,3176.899902,,,
10-02-2021,3213.300049,,,
11-02-2021,3206,,,
12-02-2021,3190.800049,,,
15-02-2021,3139.850098,,,
16-02-2021,3108.800049,,,
17-02-2021,3073.100098,,,
18-02-2021,3057.350098,,,
19-02-2021,3071.850098,,,
22-02-2021,2958.449951,,,
23-02-2021,2980.199951,,,
24-02-2021,2948.100098,,,
25-02-2021,2995.300049,,,
26-02-2021,2894.300049,,,
01-03-2021,2924.199951,,,
02-03-2021,3006.350098,,,
03-03-2021,3059.100098,,,
04-03-2021,3049.699951,,,
05-03-2021,3008.050049,,,
08-03-2021,3006.949951,,,
09-03-2021,3050.949951,,,
10-03-2021,3070.949951,,,
12-03-2021,3057.949951,,,
15-03-2021,3066.149902,,,
16-03-2021,3110.050049,,,
17-03-2021,3112.949951,,,
18-03-2021,3036.5,,,
19-03-2021,3050.199951,,,
22-03-2021,3129.649902,,,
23-03-2021,3142.600098,,,
24-03-2021,3121.100098,,,
25-03-2021,3064.850098,,,
26-03-2021,3066.800049,,,
30-03-2021,3158.550049,,,
31-03-2021,3177.850098,,,
01-04-2021,3165,,,
05-04-2021,3238.899902,,,
06-04-2021,3264.699951,,,
07-04-2021,3271.399902,,,
08-04-2021,3317.350098,,,
09-04-2021,3322.25,,,
12-04-2021,3246.550049,,,
13-04-2021,3104.050049,,,
15-04-2021,3218.949951,,,
16-04-2021,3195.149902,,,
19-04-2021,3161.800049,,,
20-04-2021,3144.550049,,,
22-04-2021,3118.800049,,,
23-04-2021,3109.5,,,
26-04-2021,3100.800049,,,
27-04-2021,3132,,,
28-04-2021,3124.100098,,,
29-04-2021,3115.25,,,
30-04-2021,3035.649902,,,
03-05-2021,3037,,,
04-05-2021,3049.75,,,
05-05-2021,3095.699951,,,
06-05-2021,3111.449951,,,
07-05-2021,3132.899902,,,
10-05-2021,3145.5,,,
11-05-2021,3122.600098,,,
12-05-2021,3087.600098,,,
14-05-2021,3051.5,,,
17-05-2021,3069.75,,,
18-05-2021,3088.800049,,,
19-05-2021,3082,,,
20-05-2021,3060,,,
21-05-2021,3080.5,,,
24-05-2021,3081.5,,,
25-05-2021,3114,,,
26-05-2021,3158.5,,,
27-05-2021,3180,,,
28-05-2021,3143.600098,,,
31-05-2021,3159.149902,,,
01-06-2021,3153,,,
02-06-2021,3129.449951,,,
03-06-2021,3141.25,,,
04-06-2021,3143.75,,,
07-06-2021,3183.199951,,,
08-06-2021,3200.149902,,,
09-06-2021,3200.25,,,
10-06-2021,3216.800049,,,
11-06-2021,3273.800049,,,
14-06-2021,3276.350098,,,
15-06-2021,3262.75,,,
16-06-2021,3274.350098,,,
17-06-2021,3317.75,,,
18-06-2021,3297.300049,,,
21-06-2021,3273.100098,,,
22-06-2021,3301.199951,,,
23-06-2021,3261.399902,,,
24-06-2021,3373.600098,,,
25-06-2021,3380.800049,,,
28-06-2021,3336.75,,,
29-06-2021,3340.850098,,,
30-06-2021,3345.75,,,
01-07-2021,3341.5,,,
02-07-2021,3325.449951,,,
05-07-2021,3321,,,
06-07-2021,3262.300049,,,
07-07-2021,3274.949951,,,
08-07-2021,3258.5,,,
09-07-2021,3208.149902,,,
12-07-2021,3193.100098,,,
13-07-2021,3187.550049,,,
14-07-2021,3214.550049,,,
15-07-2021,3202.949951,,,
16-07-2021,3194.800049,,,
19-07-2021,3184.600098,,,
20-07-2021,3205.800049,,,
22-07-2021,3216.350098,,,
23-07-2021,3212.850098,,,
26-07-2021,3197.550049,,,
27-07-2021,3182.949951,,,
28-07-2021,3197.800049,,,
29-07-2021,3195.800049,,,
30-07-2021,3167.449951,,,
02-08-2021,3219.399902,,,
03-08-2021,3284.899902,,,
04-08-2021,3273.949951,,,
05-08-2021,3283.949951,,,
06-08-2021,3309.800049,,,
09-08-2021,3322.699951,,,
10-08-2021,3333.899902,,,
11-08-2021,3344.199951,,,
12-08-2021,3351.75,,,
13-08-2021,3463.399902,,,
16-08-2021,3472.949951,,,
17-08-2021,3553.050049,,,
18-08-2021,3560.550049,,,
20-08-2021,3559.5,,,
23-08-2021,3637.399902,,,
24-08-2021,3613.199951,,,
25-08-2021,3659,,,
26-08-2021,3671.850098,,,
27-08-2021,3720.149902,,,
30-08-2021,3701.300049,,,
31-08-2021,3786.449951,,,
01-09-2021,3714.949951,,,
02-09-2021,3836.75,,,
03-09-2021,3842.050049,,,
06-09-2021,3852,,,
07-09-2021,3815.899902,,,
08-09-2021,3774.149902,,,
09-09-2021,3791.399902,,,
13-09-2021,3845.350098,,,
14-09-2021,3885.899902,,,
15-09-2021,3954.550049,,,
16-09-2021,3903.300049,,,
17-09-2021,3827.850098,,,
20-09-2021,3823.5,,,
21-09-2021,3862.949951,,,
22-09-2021,3862.149902,,,
23-09-2021,3869.25,,,
24-09-2021,3871.300049,,,
27-09-2021,3836.949951,,,
28-09-2021,3779.149902,,,
29-09-2021,3791.899902,,,
30-09-2021,3775.550049,,,
01-10-2021,3730.199951,,,
04-10-2021,3773.300049,,,
05-10-2021,3833.300049,,,
06-10-2021,3810.899902,,,
07-10-2021,3892.899902,,,
08-10-2021,3935.649902,,,
11-10-2021,3685.600098,,,
12-10-2021,3652.850098,,,
13-10-2021,3655.199951,,,
14-10-2021,3611.449951,,,
18-10-2021,3647.149902,,,
